id,requester,status,subject,content,created_at,updated_at,comment
1,Voskov@email.com,new,Test subject - OQCR,Test description - OQCR,2017-03-21T12:50:36Z,2017-03-21T12:50:36Z,
2,Voskov@email.com,new,Test subject - IXWV,Test description - IXWV,2017-03-21T12:50:38Z,2017-03-21T12:50:38Z,
3,Voskov@email.com,new,Test subject - IPVS,Test description - IPVS,2017-03-21T12:50:39Z,2017-03-21T12:50:39Z,
4,Voskov@email.com,new,Test subject - EQCO,Test description - EQCO,2017-03-21T12:50:41Z,2017-03-21T12:50:41Z,
5,Voskov@email.com,new,Test subject - CBAM,Test description - CBAM,2017-03-21T12:50:42Z,2017-03-21T12:50:42Z,
6,Voskov@email.com,new,Test subject - UIVA,Test description - UIVA,2017-03-21T12:50:44Z,2017-03-21T12:50:44Z,
7,Voskov@email.com,new,Test subject - KQPX,Test description - KQPX,2017-03-21T12:50:45Z,2017-03-21T12:50:45Z,
8,Voskov@email.com,new,Test subject - BIQI,Test description - BIQI,2017-03-21T15:07:27Z,2017-03-21T15:07:27Z,
9,Voskov@email.com,new,Test subject - QVRH,Test description - QVRH,2017-03-21T15:07:29Z,2017-03-21T15:07:29Z,
10,Voskov@email.com,new,Test subject - FDGD,Test description - FDGD,2017-03-21T15:07:30Z,2017-03-21T15:07:30Z,
11,Voskov@email.com,new,Test subject - MLZW,Test description - MLZW,2017-03-21T15:07:31Z,2017-03-21T15:07:31Z,
12,Voskov@email.com,new,Test subject - TJZF,Test description - TJZF,2017-03-21T15:07:33Z,2017-03-21T15:07:33Z,
13,Voskov@email.com,new,Test subject - JVXR,Test description - JVXR,2017-03-21T15:10:11Z,2017-03-21T15:10:11Z,
